<?xml version="1.0" ?>
<LOG_ROOT>
	<PROJECT NAME="proj1">
		<CBX_INST_ENTRY INSTANCE_NAME="|proj1|lpm_counter12:inst7|lpm_counter:lpm_counter_component|alt_counter_f10ke:wysi_counter|lpm_compare:$00028" CBX_FILE_NAME="cmpr_t0g.tdf"/>
		<CBX_INST_ENTRY INSTANCE_NAME="|proj1|lpm_counter5:GeradorDeSegundo|lpm_counter:lpm_counter_component|alt_counter_f10ke:wysi_counter|lpm_compare:$00038" CBX_FILE_NAME="cmpr_s0g.tdf"/>
		<CBX_INST_ENTRY INSTANCE_NAME="|proj1|lpm_counter12:inst7|lpm_counter:lpm_counter_component|alt_counter_f10ke:wysi_counter|lpm_constant:$00026" CBX_FILE_NAME="lpm_constant_2g4.tdf"/>
		<CBX_INST_ENTRY INSTANCE_NAME="|proj1|lpm_counter5:GeradorDeSegundo|lpm_counter:lpm_counter_component|alt_counter_f10ke:wysi_counter|lpm_constant:$00036" CBX_FILE_NAME="lpm_constant_kk4.tdf"/>
		<CBX_INST_ENTRY INSTANCE_NAME="|proj1|lpm_mux0:inst40|LPM_MUX:lpm_mux_component" CBX_FILE_NAME="mux_vnd.tdf"/>
		<CBX_INST_ENTRY INSTANCE_NAME="|proj1|lpm_mux2:inst46|LPM_MUX:lpm_mux_component" CBX_FILE_NAME="mux_0od.tdf"/>
		<CBX_INST_ENTRY INSTANCE_NAME="|proj1|lpm_clshift0:inst13|lpm_clshift:lpm_clshift_component" CBX_FILE_NAME="lpm_clshift_ojc.tdf"/>
		<CBX_INST_ENTRY INSTANCE_NAME="|proj1|lpm_counter0:DIV720|lpm_counter:lpm_counter_component|alt_counter_f10ke:wysi_counter|lpm_compare:$00027" CBX_FILE_NAME="cmpr_q0g.tdf"/>
		<CBX_INST_ENTRY INSTANCE_NAME="|proj1|lpm_counter10:EntradaLedDireito|lpm_counter:lpm_counter_component|alt_counter_f10ke:wysi_counter|lpm_constant:$00009" CBX_FILE_NAME="lpm_constant_874.tdf"/>
		<CBX_INST_ENTRY INSTANCE_NAME="|proj1|lpm_counter10:EntradaLedEsquerdo|lpm_counter:lpm_counter_component|alt_counter_f10ke:wysi_counter|lpm_constant:$00009" CBX_FILE_NAME="lpm_constant_874.tdf"/>
		<CBX_INST_ENTRY INSTANCE_NAME="|proj1|lpm_counter2:inst4|lpm_counter:lpm_counter_component|alt_counter_f10ke:wysi_counter|lpm_compare:$00010" CBX_FILE_NAME="cmpr_bvf.tdf"/>
		<CBX_INST_ENTRY INSTANCE_NAME="|proj1|lpm_counter6:GeradorDeMinuto|lpm_counter:lpm_counter_component|alt_counter_f10ke:wysi_counter|lpm_compare:$00015" CBX_FILE_NAME="cmpr_gvf.tdf"/>
		<CBX_INST_ENTRY INSTANCE_NAME="|proj1|lpm_counter7:TrocaMinToSec|lpm_counter:lpm_counter_component|alt_counter_f10ke:wysi_counter|lpm_compare:$00012" CBX_FILE_NAME="cmpr_dvf.tdf"/>
		<CBX_INST_ENTRY INSTANCE_NAME="|proj1|lpm_mux1:MinOrSecR|LPM_MUX:lpm_mux_component" CBX_FILE_NAME="mux_snd.tdf"/>
		<CBX_INST_ENTRY INSTANCE_NAME="|proj1|lpm_counter0:DIV720|lpm_counter:lpm_counter_component|alt_counter_f10ke:wysi_counter|lpm_constant:$00025" CBX_FILE_NAME="lpm_constant_he4.tdf"/>
		<CBX_INST_ENTRY INSTANCE_NAME="|proj1|lpm_counter6:GeradorDeMinuto|lpm_counter:lpm_counter_component|alt_counter_f10ke:wysi_counter|lpm_constant:$00013" CBX_FILE_NAME="lpm_constant_m84.tdf"/>
		<CBX_INST_ENTRY INSTANCE_NAME="|proj1|lpm_counter7:TrocaMinToSec|lpm_counter:lpm_counter_component|alt_counter_f10ke:wysi_counter|lpm_constant:$00010" CBX_FILE_NAME="lpm_constant_j84.tdf"/>
		<CBX_INST_ENTRY INSTANCE_NAME="|proj1|lpm_counter10:EntradaLedDireito|lpm_counter:lpm_counter_component|alt_counter_f10ke:wysi_counter|lpm_compare:$00011" CBX_FILE_NAME="cmpr_cvf.tdf"/>
		<CBX_INST_ENTRY INSTANCE_NAME="|proj1|lpm_counter10:EntradaLedEsquerdo|lpm_counter:lpm_counter_component|alt_counter_f10ke:wysi_counter|lpm_compare:$00011" CBX_FILE_NAME="cmpr_cvf.tdf"/>
		<CBX_INST_ENTRY INSTANCE_NAME="|proj1|lpm_counter2:inst4|lpm_counter:lpm_counter_component|alt_counter_f10ke:wysi_counter|lpm_constant:$00008" CBX_FILE_NAME="lpm_constant_374.tdf"/>
		<CBX_INST_ENTRY INSTANCE_NAME="|proj1|lpm_mux2:inst45|LPM_MUX:lpm_mux_component" CBX_FILE_NAME="mux_0od.tdf"/>
	</PROJECT>
</LOG_ROOT>
